Image Index,Finding Labels
Pleural_Thickening_000_000.png,Pleural_Thickening
Pleural_Thickening_000_001.png,Pleural_Thickening
Pleural_Thickening_000_002.png,Pleural_Thickening
Pleural_Thickening_000_003.png,Pleural_Thickening
Pleural_Thickening_000_004.png,Pleural_Thickening
Pleural_Thickening_000_005.png,Pleural_Thickening
Pleural_Thickening_000_006.png,Pleural_Thickening
Pleural_Thickening_000_007.png,Pleural_Thickening
Pleural_Thickening_000_008.png,Pleural_Thickening
Pleural_Thickening_000_009.png,Pleural_Thickening
Pleural_Thickening_000_010.png,Pleural_Thickening
Pleural_Thickening_000_011.png,Pleural_Thickening
Pleural_Thickening_000_012.png,Pleural_Thickening
Pleural_Thickening_000_013.png,Pleural_Thickening
Pleural_Thickening_000_014.png,Pleural_Thickening
Pleural_Thickening_000_015.png,Pleural_Thickening
Pleural_Thickening_000_016.png,Pleural_Thickening
Pleural_Thickening_000_017.png,Pleural_Thickening
Pleural_Thickening_000_018.png,Pleural_Thickening
Pleural_Thickening_000_019.png,Pleural_Thickening
Pleural_Thickening_000_020.png,Pleural_Thickening
Pleural_Thickening_000_021.png,Pleural_Thickening
Pleural_Thickening_000_022.png,Pleural_Thickening
Pleural_Thickening_000_023.png,Pleural_Thickening
Pleural_Thickening_000_024.png,Pleural_Thickening
Pleural_Thickening_000_025.png,Pleural_Thickening
Pleural_Thickening_000_026.png,Pleural_Thickening
Pleural_Thickening_000_027.png,Pleural_Thickening
Pleural_Thickening_000_028.png,Pleural_Thickening
Pleural_Thickening_000_029.png,Pleural_Thickening
Pleural_Thickening_000_030.png,Pleural_Thickening
Pleural_Thickening_000_031.png,Pleural_Thickening
Pleural_Thickening_000_032.png,Pleural_Thickening
Pleural_Thickening_000_033.png,Pleural_Thickening
Pleural_Thickening_000_034.png,Pleural_Thickening
Pleural_Thickening_000_035.png,Pleural_Thickening
Pleural_Thickening_000_036.png,Pleural_Thickening
Pleural_Thickening_000_037.png,Pleural_Thickening
Pleural_Thickening_000_038.png,Pleural_Thickening
Pleural_Thickening_000_039.png,Pleural_Thickening
Pleural_Thickening_000_040.png,Pleural_Thickening
Pleural_Thickening_000_041.png,Pleural_Thickening
Pleural_Thickening_000_042.png,Pleural_Thickening
Pleural_Thickening_000_043.png,Pleural_Thickening
Pleural_Thickening_000_044.png,Pleural_Thickening
Pleural_Thickening_000_045.png,Pleural_Thickening
Pleural_Thickening_000_046.png,Pleural_Thickening
Pleural_Thickening_000_047.png,Pleural_Thickening
Pleural_Thickening_000_048.png,Pleural_Thickening
Pleural_Thickening_000_049.png,Pleural_Thickening
Pleural_Thickening_001_000.png,Pleural_Thickening
Pleural_Thickening_001_001.png,Pleural_Thickening
Pleural_Thickening_001_002.png,Pleural_Thickening
Pleural_Thickening_001_003.png,Pleural_Thickening
Pleural_Thickening_001_004.png,Pleural_Thickening
Pleural_Thickening_001_005.png,Pleural_Thickening
Pleural_Thickening_001_006.png,Pleural_Thickening
Pleural_Thickening_001_007.png,Pleural_Thickening
Pleural_Thickening_001_008.png,Pleural_Thickening
Pleural_Thickening_001_009.png,Pleural_Thickening
Pleural_Thickening_001_010.png,Pleural_Thickening
Pleural_Thickening_001_011.png,Pleural_Thickening
Pleural_Thickening_001_012.png,Pleural_Thickening
Pleural_Thickening_001_013.png,Pleural_Thickening
Pleural_Thickening_001_014.png,Pleural_Thickening
Pleural_Thickening_001_015.png,Pleural_Thickening
Pleural_Thickening_001_016.png,Pleural_Thickening
Pleural_Thickening_001_017.png,Pleural_Thickening
Pleural_Thickening_001_018.png,Pleural_Thickening
Pleural_Thickening_001_019.png,Pleural_Thickening
Pleural_Thickening_001_020.png,Pleural_Thickening
Pleural_Thickening_001_021.png,Pleural_Thickening
Pleural_Thickening_001_022.png,Pleural_Thickening
Pleural_Thickening_001_023.png,Pleural_Thickening
Pleural_Thickening_001_024.png,Pleural_Thickening
Pleural_Thickening_001_025.png,Pleural_Thickening
Pleural_Thickening_001_026.png,Pleural_Thickening
Pleural_Thickening_001_027.png,Pleural_Thickening
Pleural_Thickening_001_028.png,Pleural_Thickening
Pleural_Thickening_001_029.png,Pleural_Thickening
Pleural_Thickening_001_030.png,Pleural_Thickening
Pleural_Thickening_001_031.png,Pleural_Thickening
Pleural_Thickening_001_032.png,Pleural_Thickening
Pleural_Thickening_001_033.png,Pleural_Thickening
Pleural_Thickening_001_034.png,Pleural_Thickening
Pleural_Thickening_001_035.png,Pleural_Thickening
Pleural_Thickening_001_036.png,Pleural_Thickening
Pleural_Thickening_001_037.png,Pleural_Thickening
Pleural_Thickening_001_038.png,Pleural_Thickening
Pleural_Thickening_001_039.png,Pleural_Thickening
Pleural_Thickening_001_040.png,Pleural_Thickening
Pleural_Thickening_001_041.png,Pleural_Thickening
Pleural_Thickening_001_042.png,Pleural_Thickening
Pleural_Thickening_001_043.png,Pleural_Thickening
Pleural_Thickening_001_044.png,Pleural_Thickening
Pleural_Thickening_001_045.png,Pleural_Thickening
Pleural_Thickening_001_046.png,Pleural_Thickening
Pleural_Thickening_001_047.png,Pleural_Thickening
Pleural_Thickening_001_048.png,Pleural_Thickening
Pleural_Thickening_001_049.png,Pleural_Thickening
Pleural_Thickening_002_000.png,Pleural_Thickening
Pleural_Thickening_002_001.png,Pleural_Thickening
Pleural_Thickening_002_002.png,Pleural_Thickening
Pleural_Thickening_002_003.png,Pleural_Thickening
Pleural_Thickening_002_004.png,Pleural_Thickening
Pleural_Thickening_002_005.png,Pleural_Thickening
Pleural_Thickening_002_006.png,Pleural_Thickening
Pleural_Thickening_002_007.png,Pleural_Thickening
Pleural_Thickening_002_008.png,Pleural_Thickening
Pleural_Thickening_002_009.png,Pleural_Thickening
Pleural_Thickening_002_010.png,Pleural_Thickening
Pleural_Thickening_002_011.png,Pleural_Thickening
Pleural_Thickening_002_012.png,Pleural_Thickening
Pleural_Thickening_002_013.png,Pleural_Thickening
Pleural_Thickening_002_014.png,Pleural_Thickening
Pleural_Thickening_002_015.png,Pleural_Thickening
Pleural_Thickening_002_016.png,Pleural_Thickening
Pleural_Thickening_002_017.png,Pleural_Thickening
Pleural_Thickening_002_018.png,Pleural_Thickening
Pleural_Thickening_002_019.png,Pleural_Thickening
Pleural_Thickening_002_020.png,Pleural_Thickening
Pleural_Thickening_002_021.png,Pleural_Thickening
Pleural_Thickening_002_022.png,Pleural_Thickening
Pleural_Thickening_002_023.png,Pleural_Thickening
Pleural_Thickening_002_024.png,Pleural_Thickening
Pleural_Thickening_002_025.png,Pleural_Thickening
Pleural_Thickening_002_026.png,Pleural_Thickening
Pleural_Thickening_002_027.png,Pleural_Thickening
Pleural_Thickening_002_028.png,Pleural_Thickening
Pleural_Thickening_002_029.png,Pleural_Thickening
Pleural_Thickening_002_030.png,Pleural_Thickening
Pleural_Thickening_002_031.png,Pleural_Thickening
Pleural_Thickening_002_032.png,Pleural_Thickening
Pleural_Thickening_002_033.png,Pleural_Thickening
Pleural_Thickening_002_034.png,Pleural_Thickening
Pleural_Thickening_002_035.png,Pleural_Thickening
Pleural_Thickening_002_036.png,Pleural_Thickening
Pleural_Thickening_002_037.png,Pleural_Thickening
Pleural_Thickening_002_038.png,Pleural_Thickening
Pleural_Thickening_002_039.png,Pleural_Thickening
Pleural_Thickening_002_040.png,Pleural_Thickening
Pleural_Thickening_002_041.png,Pleural_Thickening
Pleural_Thickening_002_042.png,Pleural_Thickening
Pleural_Thickening_002_043.png,Pleural_Thickening
Pleural_Thickening_002_044.png,Pleural_Thickening
Pleural_Thickening_002_045.png,Pleural_Thickening
Pleural_Thickening_002_046.png,Pleural_Thickening
Pleural_Thickening_002_047.png,Pleural_Thickening
Pleural_Thickening_002_048.png,Pleural_Thickening
Pleural_Thickening_002_049.png,Pleural_Thickening
Pleural_Thickening_003_000.png,Pleural_Thickening
Pleural_Thickening_003_001.png,Pleural_Thickening
Pleural_Thickening_003_002.png,Pleural_Thickening
Pleural_Thickening_003_003.png,Pleural_Thickening
Pleural_Thickening_003_004.png,Pleural_Thickening
Pleural_Thickening_003_005.png,Pleural_Thickening
Pleural_Thickening_003_006.png,Pleural_Thickening
Pleural_Thickening_003_007.png,Pleural_Thickening
Pleural_Thickening_003_008.png,Pleural_Thickening
Pleural_Thickening_003_009.png,Pleural_Thickening
Pleural_Thickening_003_010.png,Pleural_Thickening
Pleural_Thickening_003_011.png,Pleural_Thickening
Pleural_Thickening_003_012.png,Pleural_Thickening
Pleural_Thickening_003_013.png,Pleural_Thickening
Pleural_Thickening_003_014.png,Pleural_Thickening
Pleural_Thickening_003_015.png,Pleural_Thickening
Pleural_Thickening_003_016.png,Pleural_Thickening
Pleural_Thickening_003_017.png,Pleural_Thickening
Pleural_Thickening_003_018.png,Pleural_Thickening
Pleural_Thickening_003_019.png,Pleural_Thickening
Pleural_Thickening_003_020.png,Pleural_Thickening
Pleural_Thickening_003_021.png,Pleural_Thickening
Pleural_Thickening_003_022.png,Pleural_Thickening
Pleural_Thickening_003_023.png,Pleural_Thickening
Pleural_Thickening_003_024.png,Pleural_Thickening
Pleural_Thickening_003_025.png,Pleural_Thickening
Pleural_Thickening_003_026.png,Pleural_Thickening
Pleural_Thickening_003_027.png,Pleural_Thickening
Pleural_Thickening_003_028.png,Pleural_Thickening
Pleural_Thickening_003_029.png,Pleural_Thickening
Pleural_Thickening_003_030.png,Pleural_Thickening
Pleural_Thickening_003_031.png,Pleural_Thickening
Pleural_Thickening_003_032.png,Pleural_Thickening
Pleural_Thickening_003_033.png,Pleural_Thickening
Pleural_Thickening_003_034.png,Pleural_Thickening
Pleural_Thickening_003_035.png,Pleural_Thickening
Pleural_Thickening_003_036.png,Pleural_Thickening
Pleural_Thickening_003_037.png,Pleural_Thickening
Pleural_Thickening_003_038.png,Pleural_Thickening
Pleural_Thickening_003_039.png,Pleural_Thickening
Pleural_Thickening_003_040.png,Pleural_Thickening
Pleural_Thickening_003_041.png,Pleural_Thickening
Pleural_Thickening_003_042.png,Pleural_Thickening
Pleural_Thickening_003_043.png,Pleural_Thickening
Pleural_Thickening_003_044.png,Pleural_Thickening
Pleural_Thickening_003_045.png,Pleural_Thickening
Pleural_Thickening_003_046.png,Pleural_Thickening
Pleural_Thickening_003_047.png,Pleural_Thickening
Pleural_Thickening_003_048.png,Pleural_Thickening
Pleural_Thickening_003_049.png,Pleural_Thickening
Pleural_Thickening_004_000.png,Pleural_Thickening
Pleural_Thickening_004_001.png,Pleural_Thickening
Pleural_Thickening_004_002.png,Pleural_Thickening
Pleural_Thickening_004_003.png,Pleural_Thickening
Pleural_Thickening_004_004.png,Pleural_Thickening
Pleural_Thickening_004_005.png,Pleural_Thickening
Pleural_Thickening_004_006.png,Pleural_Thickening
Pleural_Thickening_004_007.png,Pleural_Thickening
Pleural_Thickening_004_008.png,Pleural_Thickening
Pleural_Thickening_004_009.png,Pleural_Thickening
Pleural_Thickening_004_010.png,Pleural_Thickening
Pleural_Thickening_004_011.png,Pleural_Thickening
Pleural_Thickening_004_012.png,Pleural_Thickening
Pleural_Thickening_004_013.png,Pleural_Thickening
Pleural_Thickening_004_014.png,Pleural_Thickening
Pleural_Thickening_004_015.png,Pleural_Thickening
Pleural_Thickening_004_016.png,Pleural_Thickening
Pleural_Thickening_004_017.png,Pleural_Thickening
Pleural_Thickening_004_018.png,Pleural_Thickening
Pleural_Thickening_004_019.png,Pleural_Thickening
Pleural_Thickening_004_020.png,Pleural_Thickening
Pleural_Thickening_004_021.png,Pleural_Thickening
Pleural_Thickening_004_022.png,Pleural_Thickening
Pleural_Thickening_004_023.png,Pleural_Thickening
Pleural_Thickening_004_024.png,Pleural_Thickening
Pleural_Thickening_004_025.png,Pleural_Thickening
Pleural_Thickening_004_026.png,Pleural_Thickening
Pleural_Thickening_004_027.png,Pleural_Thickening
Pleural_Thickening_004_028.png,Pleural_Thickening
Pleural_Thickening_004_029.png,Pleural_Thickening
Pleural_Thickening_004_030.png,Pleural_Thickening
Pleural_Thickening_004_031.png,Pleural_Thickening
Pleural_Thickening_004_032.png,Pleural_Thickening
Pleural_Thickening_004_033.png,Pleural_Thickening
Pleural_Thickening_004_034.png,Pleural_Thickening
Pleural_Thickening_004_035.png,Pleural_Thickening
Pleural_Thickening_004_036.png,Pleural_Thickening
Pleural_Thickening_004_037.png,Pleural_Thickening
Pleural_Thickening_004_038.png,Pleural_Thickening
Pleural_Thickening_004_039.png,Pleural_Thickening
Pleural_Thickening_004_040.png,Pleural_Thickening
Pleural_Thickening_004_041.png,Pleural_Thickening
Pleural_Thickening_004_042.png,Pleural_Thickening
Pleural_Thickening_004_043.png,Pleural_Thickening
Pleural_Thickening_004_044.png,Pleural_Thickening
Pleural_Thickening_004_045.png,Pleural_Thickening
Pleural_Thickening_004_046.png,Pleural_Thickening
Pleural_Thickening_004_047.png,Pleural_Thickening
Pleural_Thickening_004_048.png,Pleural_Thickening
Pleural_Thickening_004_049.png,Pleural_Thickening
Pleural_Thickening_005_000.png,Pleural_Thickening
Pleural_Thickening_005_001.png,Pleural_Thickening
Pleural_Thickening_005_002.png,Pleural_Thickening
Pleural_Thickening_005_003.png,Pleural_Thickening
Pleural_Thickening_005_004.png,Pleural_Thickening
Pleural_Thickening_005_005.png,Pleural_Thickening
Pleural_Thickening_005_006.png,Pleural_Thickening
Pleural_Thickening_005_007.png,Pleural_Thickening
Pleural_Thickening_005_008.png,Pleural_Thickening
Pleural_Thickening_005_009.png,Pleural_Thickening
Pleural_Thickening_005_010.png,Pleural_Thickening
Pleural_Thickening_005_011.png,Pleural_Thickening
Pleural_Thickening_005_012.png,Pleural_Thickening
Pleural_Thickening_005_013.png,Pleural_Thickening
Pleural_Thickening_005_014.png,Pleural_Thickening
Pleural_Thickening_005_015.png,Pleural_Thickening
Pleural_Thickening_005_016.png,Pleural_Thickening
Pleural_Thickening_005_017.png,Pleural_Thickening
Pleural_Thickening_005_018.png,Pleural_Thickening
Pleural_Thickening_005_019.png,Pleural_Thickening
Pleural_Thickening_005_020.png,Pleural_Thickening
Pleural_Thickening_005_021.png,Pleural_Thickening
Pleural_Thickening_005_022.png,Pleural_Thickening
Pleural_Thickening_005_023.png,Pleural_Thickening
Pleural_Thickening_005_024.png,Pleural_Thickening
Pleural_Thickening_005_025.png,Pleural_Thickening
Pleural_Thickening_005_026.png,Pleural_Thickening
Pleural_Thickening_005_027.png,Pleural_Thickening
Pleural_Thickening_005_028.png,Pleural_Thickening
Pleural_Thickening_005_029.png,Pleural_Thickening
Pleural_Thickening_005_030.png,Pleural_Thickening
Pleural_Thickening_005_031.png,Pleural_Thickening
Pleural_Thickening_005_032.png,Pleural_Thickening
Pleural_Thickening_005_033.png,Pleural_Thickening
Pleural_Thickening_005_034.png,Pleural_Thickening
Pleural_Thickening_005_035.png,Pleural_Thickening
Pleural_Thickening_005_036.png,Pleural_Thickening
Pleural_Thickening_005_037.png,Pleural_Thickening
Pleural_Thickening_005_038.png,Pleural_Thickening
Pleural_Thickening_005_039.png,Pleural_Thickening
Pleural_Thickening_005_040.png,Pleural_Thickening
Pleural_Thickening_005_041.png,Pleural_Thickening
Pleural_Thickening_005_042.png,Pleural_Thickening
Pleural_Thickening_005_043.png,Pleural_Thickening
Pleural_Thickening_005_044.png,Pleural_Thickening
Pleural_Thickening_005_045.png,Pleural_Thickening
Pleural_Thickening_005_046.png,Pleural_Thickening
Pleural_Thickening_005_047.png,Pleural_Thickening
Pleural_Thickening_005_048.png,Pleural_Thickening
Pleural_Thickening_005_049.png,Pleural_Thickening
Pleural_Thickening_006_000.png,Pleural_Thickening
Pleural_Thickening_006_001.png,Pleural_Thickening
Pleural_Thickening_006_002.png,Pleural_Thickening
Pleural_Thickening_006_003.png,Pleural_Thickening
Pleural_Thickening_006_004.png,Pleural_Thickening
Pleural_Thickening_006_005.png,Pleural_Thickening
Pleural_Thickening_006_006.png,Pleural_Thickening
Pleural_Thickening_006_007.png,Pleural_Thickening
Pleural_Thickening_006_008.png,Pleural_Thickening
Pleural_Thickening_006_009.png,Pleural_Thickening
Pleural_Thickening_006_010.png,Pleural_Thickening
Pleural_Thickening_006_011.png,Pleural_Thickening
Pleural_Thickening_006_012.png,Pleural_Thickening
Pleural_Thickening_006_013.png,Pleural_Thickening
Pleural_Thickening_006_014.png,Pleural_Thickening
Pleural_Thickening_006_015.png,Pleural_Thickening
Pleural_Thickening_006_016.png,Pleural_Thickening
Pleural_Thickening_006_017.png,Pleural_Thickening
Pleural_Thickening_006_018.png,Pleural_Thickening
Pleural_Thickening_006_019.png,Pleural_Thickening
Pleural_Thickening_006_020.png,Pleural_Thickening
Pleural_Thickening_006_021.png,Pleural_Thickening
Pleural_Thickening_006_022.png,Pleural_Thickening
Pleural_Thickening_006_023.png,Pleural_Thickening
Pleural_Thickening_006_024.png,Pleural_Thickening
Pleural_Thickening_006_025.png,Pleural_Thickening
Pleural_Thickening_006_026.png,Pleural_Thickening
Pleural_Thickening_006_027.png,Pleural_Thickening
Pleural_Thickening_006_028.png,Pleural_Thickening
Pleural_Thickening_006_029.png,Pleural_Thickening
Pleural_Thickening_006_030.png,Pleural_Thickening
Pleural_Thickening_006_031.png,Pleural_Thickening
Pleural_Thickening_006_032.png,Pleural_Thickening
Pleural_Thickening_006_033.png,Pleural_Thickening
Pleural_Thickening_006_034.png,Pleural_Thickening
Pleural_Thickening_006_035.png,Pleural_Thickening
Pleural_Thickening_006_036.png,Pleural_Thickening
Pleural_Thickening_006_037.png,Pleural_Thickening
Pleural_Thickening_006_038.png,Pleural_Thickening
Pleural_Thickening_006_039.png,Pleural_Thickening
Pleural_Thickening_006_040.png,Pleural_Thickening
Pleural_Thickening_006_041.png,Pleural_Thickening
Pleural_Thickening_006_042.png,Pleural_Thickening
Pleural_Thickening_006_043.png,Pleural_Thickening
Pleural_Thickening_006_044.png,Pleural_Thickening
Pleural_Thickening_006_045.png,Pleural_Thickening
Pleural_Thickening_006_046.png,Pleural_Thickening
Pleural_Thickening_006_047.png,Pleural_Thickening
Pleural_Thickening_006_048.png,Pleural_Thickening
Pleural_Thickening_006_049.png,Pleural_Thickening
Pleural_Thickening_007_000.png,Pleural_Thickening
Pleural_Thickening_007_001.png,Pleural_Thickening
Pleural_Thickening_007_002.png,Pleural_Thickening
Pleural_Thickening_007_003.png,Pleural_Thickening
Pleural_Thickening_007_004.png,Pleural_Thickening
Pleural_Thickening_007_005.png,Pleural_Thickening
Pleural_Thickening_007_006.png,Pleural_Thickening
Pleural_Thickening_007_007.png,Pleural_Thickening
Pleural_Thickening_007_008.png,Pleural_Thickening
Pleural_Thickening_007_009.png,Pleural_Thickening
Pleural_Thickening_007_010.png,Pleural_Thickening
Pleural_Thickening_007_011.png,Pleural_Thickening
Pleural_Thickening_007_012.png,Pleural_Thickening
Pleural_Thickening_007_013.png,Pleural_Thickening
Pleural_Thickening_007_014.png,Pleural_Thickening
Pleural_Thickening_007_015.png,Pleural_Thickening
Pleural_Thickening_007_016.png,Pleural_Thickening
Pleural_Thickening_007_017.png,Pleural_Thickening
Pleural_Thickening_007_018.png,Pleural_Thickening
Pleural_Thickening_007_019.png,Pleural_Thickening
Pleural_Thickening_007_020.png,Pleural_Thickening
Pleural_Thickening_007_021.png,Pleural_Thickening
Pleural_Thickening_007_022.png,Pleural_Thickening
Pleural_Thickening_007_023.png,Pleural_Thickening
Pleural_Thickening_007_024.png,Pleural_Thickening
Pleural_Thickening_007_025.png,Pleural_Thickening
Pleural_Thickening_007_026.png,Pleural_Thickening
Pleural_Thickening_007_027.png,Pleural_Thickening
Pleural_Thickening_007_028.png,Pleural_Thickening
Pleural_Thickening_007_029.png,Pleural_Thickening
Pleural_Thickening_007_030.png,Pleural_Thickening
Pleural_Thickening_007_031.png,Pleural_Thickening
Pleural_Thickening_007_032.png,Pleural_Thickening
Pleural_Thickening_007_033.png,Pleural_Thickening
Pleural_Thickening_007_034.png,Pleural_Thickening
Pleural_Thickening_007_035.png,Pleural_Thickening
Pleural_Thickening_007_036.png,Pleural_Thickening
Pleural_Thickening_007_037.png,Pleural_Thickening
Pleural_Thickening_007_038.png,Pleural_Thickening
Pleural_Thickening_007_039.png,Pleural_Thickening
Pleural_Thickening_007_040.png,Pleural_Thickening
Pleural_Thickening_007_041.png,Pleural_Thickening
Pleural_Thickening_007_042.png,Pleural_Thickening
Pleural_Thickening_007_043.png,Pleural_Thickening
Pleural_Thickening_007_044.png,Pleural_Thickening
Pleural_Thickening_007_045.png,Pleural_Thickening
Pleural_Thickening_007_046.png,Pleural_Thickening
Pleural_Thickening_007_047.png,Pleural_Thickening
Pleural_Thickening_007_048.png,Pleural_Thickening
Pleural_Thickening_007_049.png,Pleural_Thickening
Pleural_Thickening_008_000.png,Pleural_Thickening
Pleural_Thickening_008_001.png,Pleural_Thickening
Pleural_Thickening_008_002.png,Pleural_Thickening
Pleural_Thickening_008_003.png,Pleural_Thickening
Pleural_Thickening_008_004.png,Pleural_Thickening
Pleural_Thickening_008_005.png,Pleural_Thickening
Pleural_Thickening_008_006.png,Pleural_Thickening
Pleural_Thickening_008_007.png,Pleural_Thickening
Pleural_Thickening_008_008.png,Pleural_Thickening
Pleural_Thickening_008_009.png,Pleural_Thickening
Pleural_Thickening_008_010.png,Pleural_Thickening
Pleural_Thickening_008_011.png,Pleural_Thickening
Pleural_Thickening_008_012.png,Pleural_Thickening
Pleural_Thickening_008_013.png,Pleural_Thickening
Pleural_Thickening_008_014.png,Pleural_Thickening
Pleural_Thickening_008_015.png,Pleural_Thickening
Pleural_Thickening_008_016.png,Pleural_Thickening
Pleural_Thickening_008_017.png,Pleural_Thickening
Pleural_Thickening_008_018.png,Pleural_Thickening
Pleural_Thickening_008_019.png,Pleural_Thickening
Pleural_Thickening_008_020.png,Pleural_Thickening
Pleural_Thickening_008_021.png,Pleural_Thickening
Pleural_Thickening_008_022.png,Pleural_Thickening
Pleural_Thickening_008_023.png,Pleural_Thickening
Pleural_Thickening_008_024.png,Pleural_Thickening
Pleural_Thickening_008_025.png,Pleural_Thickening
Pleural_Thickening_008_026.png,Pleural_Thickening
Pleural_Thickening_008_027.png,Pleural_Thickening
Pleural_Thickening_008_028.png,Pleural_Thickening
Pleural_Thickening_008_029.png,Pleural_Thickening
Pleural_Thickening_008_030.png,Pleural_Thickening
Pleural_Thickening_008_031.png,Pleural_Thickening
Pleural_Thickening_008_032.png,Pleural_Thickening
Pleural_Thickening_008_033.png,Pleural_Thickening
Pleural_Thickening_008_034.png,Pleural_Thickening
Pleural_Thickening_008_035.png,Pleural_Thickening
Pleural_Thickening_008_036.png,Pleural_Thickening
Pleural_Thickening_008_037.png,Pleural_Thickening
Pleural_Thickening_008_038.png,Pleural_Thickening
Pleural_Thickening_008_039.png,Pleural_Thickening
Pleural_Thickening_008_040.png,Pleural_Thickening
Pleural_Thickening_008_041.png,Pleural_Thickening
Pleural_Thickening_008_042.png,Pleural_Thickening
Pleural_Thickening_008_043.png,Pleural_Thickening
Pleural_Thickening_008_044.png,Pleural_Thickening
Pleural_Thickening_008_045.png,Pleural_Thickening
Pleural_Thickening_008_046.png,Pleural_Thickening
Pleural_Thickening_008_047.png,Pleural_Thickening
Pleural_Thickening_008_048.png,Pleural_Thickening
Pleural_Thickening_008_049.png,Pleural_Thickening
Pleural_Thickening_009_000.png,Pleural_Thickening
Pleural_Thickening_009_001.png,Pleural_Thickening
Pleural_Thickening_009_002.png,Pleural_Thickening
Pleural_Thickening_009_003.png,Pleural_Thickening
Pleural_Thickening_009_004.png,Pleural_Thickening
Pleural_Thickening_009_005.png,Pleural_Thickening
Pleural_Thickening_009_006.png,Pleural_Thickening
Pleural_Thickening_009_007.png,Pleural_Thickening
Pleural_Thickening_009_008.png,Pleural_Thickening
Pleural_Thickening_009_009.png,Pleural_Thickening
Pleural_Thickening_009_010.png,Pleural_Thickening
Pleural_Thickening_009_011.png,Pleural_Thickening
Pleural_Thickening_009_012.png,Pleural_Thickening
Pleural_Thickening_009_013.png,Pleural_Thickening
Pleural_Thickening_009_014.png,Pleural_Thickening
Pleural_Thickening_009_015.png,Pleural_Thickening
Pleural_Thickening_009_016.png,Pleural_Thickening
Pleural_Thickening_009_017.png,Pleural_Thickening
Pleural_Thickening_009_018.png,Pleural_Thickening
Pleural_Thickening_009_019.png,Pleural_Thickening
Pleural_Thickening_009_020.png,Pleural_Thickening
Pleural_Thickening_009_021.png,Pleural_Thickening
Pleural_Thickening_009_022.png,Pleural_Thickening
Pleural_Thickening_009_023.png,Pleural_Thickening
Pleural_Thickening_009_024.png,Pleural_Thickening
Pleural_Thickening_009_025.png,Pleural_Thickening
Pleural_Thickening_009_026.png,Pleural_Thickening
Pleural_Thickening_009_027.png,Pleural_Thickening
Pleural_Thickening_009_028.png,Pleural_Thickening
Pleural_Thickening_009_029.png,Pleural_Thickening
Pleural_Thickening_009_030.png,Pleural_Thickening
Pleural_Thickening_009_031.png,Pleural_Thickening
Pleural_Thickening_009_032.png,Pleural_Thickening
Pleural_Thickening_009_033.png,Pleural_Thickening
Pleural_Thickening_009_034.png,Pleural_Thickening
Pleural_Thickening_009_035.png,Pleural_Thickening
Pleural_Thickening_009_036.png,Pleural_Thickening
Pleural_Thickening_009_037.png,Pleural_Thickening
Pleural_Thickening_009_038.png,Pleural_Thickening
Pleural_Thickening_009_039.png,Pleural_Thickening
Pleural_Thickening_009_040.png,Pleural_Thickening
Pleural_Thickening_009_041.png,Pleural_Thickening
Pleural_Thickening_009_042.png,Pleural_Thickening
Pleural_Thickening_009_043.png,Pleural_Thickening
Pleural_Thickening_009_044.png,Pleural_Thickening
Pleural_Thickening_009_045.png,Pleural_Thickening
Pleural_Thickening_009_046.png,Pleural_Thickening
Pleural_Thickening_009_047.png,Pleural_Thickening
Pleural_Thickening_009_048.png,Pleural_Thickening
Pleural_Thickening_009_049.png,Pleural_Thickening
Pleural_Thickening_010_000.png,Pleural_Thickening
Pleural_Thickening_010_001.png,Pleural_Thickening
Pleural_Thickening_010_002.png,Pleural_Thickening
Pleural_Thickening_010_003.png,Pleural_Thickening
Pleural_Thickening_010_004.png,Pleural_Thickening
Pleural_Thickening_010_005.png,Pleural_Thickening
Pleural_Thickening_010_006.png,Pleural_Thickening
Pleural_Thickening_010_007.png,Pleural_Thickening
Pleural_Thickening_010_008.png,Pleural_Thickening
Pleural_Thickening_010_009.png,Pleural_Thickening
Pleural_Thickening_010_010.png,Pleural_Thickening
Pleural_Thickening_010_011.png,Pleural_Thickening
Pleural_Thickening_010_012.png,Pleural_Thickening
Pleural_Thickening_010_013.png,Pleural_Thickening
Pleural_Thickening_010_014.png,Pleural_Thickening
Pleural_Thickening_010_015.png,Pleural_Thickening
Pleural_Thickening_010_016.png,Pleural_Thickening
Pleural_Thickening_010_017.png,Pleural_Thickening
Pleural_Thickening_010_018.png,Pleural_Thickening
Pleural_Thickening_010_019.png,Pleural_Thickening
Pleural_Thickening_010_020.png,Pleural_Thickening
Pleural_Thickening_010_021.png,Pleural_Thickening
Pleural_Thickening_010_022.png,Pleural_Thickening
Pleural_Thickening_010_023.png,Pleural_Thickening
Pleural_Thickening_010_024.png,Pleural_Thickening
Pleural_Thickening_010_025.png,Pleural_Thickening
Pleural_Thickening_010_026.png,Pleural_Thickening
Pleural_Thickening_010_027.png,Pleural_Thickening
Pleural_Thickening_010_028.png,Pleural_Thickening
Pleural_Thickening_010_029.png,Pleural_Thickening
Pleural_Thickening_010_030.png,Pleural_Thickening
Pleural_Thickening_010_031.png,Pleural_Thickening
Pleural_Thickening_010_032.png,Pleural_Thickening
Pleural_Thickening_010_033.png,Pleural_Thickening
Pleural_Thickening_010_034.png,Pleural_Thickening
Pleural_Thickening_010_035.png,Pleural_Thickening
Pleural_Thickening_010_036.png,Pleural_Thickening
Pleural_Thickening_010_037.png,Pleural_Thickening
Pleural_Thickening_010_038.png,Pleural_Thickening
Pleural_Thickening_010_039.png,Pleural_Thickening
Pleural_Thickening_010_040.png,Pleural_Thickening
Pleural_Thickening_010_041.png,Pleural_Thickening
Pleural_Thickening_010_042.png,Pleural_Thickening
Pleural_Thickening_010_043.png,Pleural_Thickening
Pleural_Thickening_010_044.png,Pleural_Thickening
Pleural_Thickening_010_045.png,Pleural_Thickening
Pleural_Thickening_010_046.png,Pleural_Thickening
Pleural_Thickening_010_047.png,Pleural_Thickening
Pleural_Thickening_010_048.png,Pleural_Thickening
Pleural_Thickening_010_049.png,Pleural_Thickening
Pleural_Thickening_011_000.png,Pleural_Thickening
Pleural_Thickening_011_001.png,Pleural_Thickening
Pleural_Thickening_011_002.png,Pleural_Thickening
Pleural_Thickening_011_003.png,Pleural_Thickening
Pleural_Thickening_011_004.png,Pleural_Thickening
Pleural_Thickening_011_005.png,Pleural_Thickening
Pleural_Thickening_011_006.png,Pleural_Thickening
Pleural_Thickening_011_007.png,Pleural_Thickening
Pleural_Thickening_011_008.png,Pleural_Thickening
Pleural_Thickening_011_009.png,Pleural_Thickening
Pleural_Thickening_011_010.png,Pleural_Thickening
Pleural_Thickening_011_011.png,Pleural_Thickening
Pleural_Thickening_011_012.png,Pleural_Thickening
Pleural_Thickening_011_013.png,Pleural_Thickening
Pleural_Thickening_011_014.png,Pleural_Thickening
Pleural_Thickening_011_015.png,Pleural_Thickening
Pleural_Thickening_011_016.png,Pleural_Thickening
Pleural_Thickening_011_017.png,Pleural_Thickening
Pleural_Thickening_011_018.png,Pleural_Thickening
Pleural_Thickening_011_019.png,Pleural_Thickening
Pleural_Thickening_011_020.png,Pleural_Thickening
Pleural_Thickening_011_021.png,Pleural_Thickening
Pleural_Thickening_011_022.png,Pleural_Thickening
Pleural_Thickening_011_023.png,Pleural_Thickening
Pleural_Thickening_011_024.png,Pleural_Thickening
Pleural_Thickening_011_025.png,Pleural_Thickening
Pleural_Thickening_011_026.png,Pleural_Thickening
Pleural_Thickening_011_027.png,Pleural_Thickening
Pleural_Thickening_011_028.png,Pleural_Thickening
Pleural_Thickening_011_029.png,Pleural_Thickening
Pleural_Thickening_011_030.png,Pleural_Thickening
Pleural_Thickening_011_031.png,Pleural_Thickening
Pleural_Thickening_011_032.png,Pleural_Thickening
Pleural_Thickening_011_033.png,Pleural_Thickening
Pleural_Thickening_011_034.png,Pleural_Thickening
Pleural_Thickening_011_035.png,Pleural_Thickening
Pleural_Thickening_011_036.png,Pleural_Thickening
Pleural_Thickening_011_037.png,Pleural_Thickening
Pleural_Thickening_011_038.png,Pleural_Thickening
Pleural_Thickening_011_039.png,Pleural_Thickening
Pleural_Thickening_011_040.png,Pleural_Thickening
Pleural_Thickening_011_041.png,Pleural_Thickening
Pleural_Thickening_011_042.png,Pleural_Thickening
Pleural_Thickening_011_043.png,Pleural_Thickening
Pleural_Thickening_011_044.png,Pleural_Thickening
Pleural_Thickening_011_045.png,Pleural_Thickening
Pleural_Thickening_011_046.png,Pleural_Thickening
Pleural_Thickening_011_047.png,Pleural_Thickening
Pleural_Thickening_011_048.png,Pleural_Thickening
Pleural_Thickening_011_049.png,Pleural_Thickening
Pleural_Thickening_012_000.png,Pleural_Thickening
Pleural_Thickening_012_001.png,Pleural_Thickening
Pleural_Thickening_012_002.png,Pleural_Thickening
Pleural_Thickening_012_003.png,Pleural_Thickening
Pleural_Thickening_012_004.png,Pleural_Thickening
Pleural_Thickening_012_005.png,Pleural_Thickening
Pleural_Thickening_012_006.png,Pleural_Thickening
Pleural_Thickening_012_007.png,Pleural_Thickening
Pleural_Thickening_012_008.png,Pleural_Thickening
Pleural_Thickening_012_009.png,Pleural_Thickening
Pleural_Thickening_012_010.png,Pleural_Thickening
Pleural_Thickening_012_011.png,Pleural_Thickening
Pleural_Thickening_012_012.png,Pleural_Thickening
Pleural_Thickening_012_013.png,Pleural_Thickening
Pleural_Thickening_012_014.png,Pleural_Thickening
Pleural_Thickening_012_015.png,Pleural_Thickening
Pleural_Thickening_012_016.png,Pleural_Thickening
Pleural_Thickening_012_017.png,Pleural_Thickening
Pleural_Thickening_012_018.png,Pleural_Thickening
Pleural_Thickening_012_019.png,Pleural_Thickening
Pleural_Thickening_012_020.png,Pleural_Thickening
Pleural_Thickening_012_021.png,Pleural_Thickening
Pleural_Thickening_012_022.png,Pleural_Thickening
Pleural_Thickening_012_023.png,Pleural_Thickening
Pleural_Thickening_012_024.png,Pleural_Thickening
Pleural_Thickening_012_025.png,Pleural_Thickening
Pleural_Thickening_012_026.png,Pleural_Thickening
Pleural_Thickening_012_027.png,Pleural_Thickening
Pleural_Thickening_012_028.png,Pleural_Thickening
Pleural_Thickening_012_029.png,Pleural_Thickening
Pleural_Thickening_012_030.png,Pleural_Thickening
Pleural_Thickening_012_031.png,Pleural_Thickening
Pleural_Thickening_012_032.png,Pleural_Thickening
Pleural_Thickening_012_033.png,Pleural_Thickening
Pleural_Thickening_012_034.png,Pleural_Thickening
Pleural_Thickening_012_035.png,Pleural_Thickening
Pleural_Thickening_012_036.png,Pleural_Thickening
Pleural_Thickening_012_037.png,Pleural_Thickening
Pleural_Thickening_012_038.png,Pleural_Thickening
Pleural_Thickening_012_039.png,Pleural_Thickening
Pleural_Thickening_012_040.png,Pleural_Thickening
Pleural_Thickening_012_041.png,Pleural_Thickening
Pleural_Thickening_012_042.png,Pleural_Thickening
Pleural_Thickening_012_043.png,Pleural_Thickening
Pleural_Thickening_012_044.png,Pleural_Thickening
Pleural_Thickening_012_045.png,Pleural_Thickening
Pleural_Thickening_012_046.png,Pleural_Thickening
Pleural_Thickening_012_047.png,Pleural_Thickening
Pleural_Thickening_012_048.png,Pleural_Thickening
Pleural_Thickening_012_049.png,Pleural_Thickening
Pleural_Thickening_013_000.png,Pleural_Thickening
Pleural_Thickening_013_001.png,Pleural_Thickening
Pleural_Thickening_013_002.png,Pleural_Thickening
Pleural_Thickening_013_003.png,Pleural_Thickening
Pleural_Thickening_013_004.png,Pleural_Thickening
Pleural_Thickening_013_005.png,Pleural_Thickening
Pleural_Thickening_013_006.png,Pleural_Thickening
Pleural_Thickening_013_007.png,Pleural_Thickening
Pleural_Thickening_013_008.png,Pleural_Thickening
Pleural_Thickening_013_009.png,Pleural_Thickening
Pleural_Thickening_013_010.png,Pleural_Thickening
Pleural_Thickening_013_011.png,Pleural_Thickening
Pleural_Thickening_013_012.png,Pleural_Thickening
Pleural_Thickening_013_013.png,Pleural_Thickening
Pleural_Thickening_013_014.png,Pleural_Thickening
Pleural_Thickening_013_015.png,Pleural_Thickening
Pleural_Thickening_013_016.png,Pleural_Thickening
Pleural_Thickening_013_017.png,Pleural_Thickening
Pleural_Thickening_013_018.png,Pleural_Thickening
Pleural_Thickening_013_019.png,Pleural_Thickening
Pleural_Thickening_013_020.png,Pleural_Thickening
Pleural_Thickening_013_021.png,Pleural_Thickening
Pleural_Thickening_013_022.png,Pleural_Thickening
Pleural_Thickening_013_023.png,Pleural_Thickening
Pleural_Thickening_013_024.png,Pleural_Thickening
Pleural_Thickening_013_025.png,Pleural_Thickening
Pleural_Thickening_013_026.png,Pleural_Thickening
Pleural_Thickening_013_027.png,Pleural_Thickening
Pleural_Thickening_013_028.png,Pleural_Thickening
Pleural_Thickening_013_029.png,Pleural_Thickening
Pleural_Thickening_013_030.png,Pleural_Thickening
Pleural_Thickening_013_031.png,Pleural_Thickening
Pleural_Thickening_013_032.png,Pleural_Thickening
Pleural_Thickening_013_033.png,Pleural_Thickening
Pleural_Thickening_013_034.png,Pleural_Thickening
Pleural_Thickening_013_035.png,Pleural_Thickening
Pleural_Thickening_013_036.png,Pleural_Thickening
Pleural_Thickening_013_037.png,Pleural_Thickening
Pleural_Thickening_013_038.png,Pleural_Thickening
Pleural_Thickening_013_039.png,Pleural_Thickening
Pleural_Thickening_013_040.png,Pleural_Thickening
Pleural_Thickening_013_041.png,Pleural_Thickening
Pleural_Thickening_013_042.png,Pleural_Thickening
Pleural_Thickening_013_043.png,Pleural_Thickening
Pleural_Thickening_013_044.png,Pleural_Thickening
Pleural_Thickening_013_045.png,Pleural_Thickening
Pleural_Thickening_013_046.png,Pleural_Thickening
Pleural_Thickening_013_047.png,Pleural_Thickening
Pleural_Thickening_013_048.png,Pleural_Thickening
Pleural_Thickening_013_049.png,Pleural_Thickening
Pleural_Thickening_014_000.png,Pleural_Thickening
Pleural_Thickening_014_001.png,Pleural_Thickening
Pleural_Thickening_014_002.png,Pleural_Thickening
Pleural_Thickening_014_003.png,Pleural_Thickening
Pleural_Thickening_014_004.png,Pleural_Thickening
Pleural_Thickening_014_005.png,Pleural_Thickening
Pleural_Thickening_014_006.png,Pleural_Thickening
Pleural_Thickening_014_007.png,Pleural_Thickening
Pleural_Thickening_014_008.png,Pleural_Thickening
Pleural_Thickening_014_009.png,Pleural_Thickening
Pleural_Thickening_014_010.png,Pleural_Thickening
Pleural_Thickening_014_011.png,Pleural_Thickening
Pleural_Thickening_014_012.png,Pleural_Thickening
Pleural_Thickening_014_013.png,Pleural_Thickening
Pleural_Thickening_014_014.png,Pleural_Thickening
Pleural_Thickening_014_015.png,Pleural_Thickening
Pleural_Thickening_014_016.png,Pleural_Thickening
Pleural_Thickening_014_017.png,Pleural_Thickening
Pleural_Thickening_014_018.png,Pleural_Thickening
Pleural_Thickening_014_019.png,Pleural_Thickening
Pleural_Thickening_014_020.png,Pleural_Thickening
Pleural_Thickening_014_021.png,Pleural_Thickening
Pleural_Thickening_014_022.png,Pleural_Thickening
Pleural_Thickening_014_023.png,Pleural_Thickening
Pleural_Thickening_014_024.png,Pleural_Thickening
Pleural_Thickening_014_025.png,Pleural_Thickening
Pleural_Thickening_014_026.png,Pleural_Thickening
Pleural_Thickening_014_027.png,Pleural_Thickening
Pleural_Thickening_014_028.png,Pleural_Thickening
Pleural_Thickening_014_029.png,Pleural_Thickening
Pleural_Thickening_014_030.png,Pleural_Thickening
Pleural_Thickening_014_031.png,Pleural_Thickening
Pleural_Thickening_014_032.png,Pleural_Thickening
Pleural_Thickening_014_033.png,Pleural_Thickening
Pleural_Thickening_014_034.png,Pleural_Thickening
Pleural_Thickening_014_035.png,Pleural_Thickening
Pleural_Thickening_014_036.png,Pleural_Thickening
Pleural_Thickening_014_037.png,Pleural_Thickening
Pleural_Thickening_014_038.png,Pleural_Thickening
Pleural_Thickening_014_039.png,Pleural_Thickening
Pleural_Thickening_014_040.png,Pleural_Thickening
Pleural_Thickening_014_041.png,Pleural_Thickening
Pleural_Thickening_014_042.png,Pleural_Thickening
Pleural_Thickening_014_043.png,Pleural_Thickening
Pleural_Thickening_014_044.png,Pleural_Thickening
Pleural_Thickening_014_045.png,Pleural_Thickening
Pleural_Thickening_014_046.png,Pleural_Thickening
Pleural_Thickening_014_047.png,Pleural_Thickening
Pleural_Thickening_014_048.png,Pleural_Thickening
Pleural_Thickening_014_049.png,Pleural_Thickening
Pleural_Thickening_015_000.png,Pleural_Thickening
Pleural_Thickening_015_001.png,Pleural_Thickening
Pleural_Thickening_015_002.png,Pleural_Thickening
Pleural_Thickening_015_003.png,Pleural_Thickening
Pleural_Thickening_015_004.png,Pleural_Thickening
Pleural_Thickening_015_005.png,Pleural_Thickening
Pleural_Thickening_015_006.png,Pleural_Thickening
Pleural_Thickening_015_007.png,Pleural_Thickening
Pleural_Thickening_015_008.png,Pleural_Thickening
Pleural_Thickening_015_009.png,Pleural_Thickening
Pleural_Thickening_015_010.png,Pleural_Thickening
Pleural_Thickening_015_011.png,Pleural_Thickening
Pleural_Thickening_015_012.png,Pleural_Thickening
Pleural_Thickening_015_013.png,Pleural_Thickening
Pleural_Thickening_015_014.png,Pleural_Thickening
Pleural_Thickening_015_015.png,Pleural_Thickening
Pleural_Thickening_015_016.png,Pleural_Thickening
Pleural_Thickening_015_017.png,Pleural_Thickening
Pleural_Thickening_015_018.png,Pleural_Thickening
Pleural_Thickening_015_019.png,Pleural_Thickening
Pleural_Thickening_015_020.png,Pleural_Thickening
Pleural_Thickening_015_021.png,Pleural_Thickening
Pleural_Thickening_015_022.png,Pleural_Thickening
Pleural_Thickening_015_023.png,Pleural_Thickening
Pleural_Thickening_015_024.png,Pleural_Thickening
Pleural_Thickening_015_025.png,Pleural_Thickening
Pleural_Thickening_015_026.png,Pleural_Thickening
Pleural_Thickening_015_027.png,Pleural_Thickening
Pleural_Thickening_015_028.png,Pleural_Thickening
Pleural_Thickening_015_029.png,Pleural_Thickening
Pleural_Thickening_015_030.png,Pleural_Thickening
Pleural_Thickening_015_031.png,Pleural_Thickening
Pleural_Thickening_015_032.png,Pleural_Thickening
Pleural_Thickening_015_033.png,Pleural_Thickening
Pleural_Thickening_015_034.png,Pleural_Thickening
Pleural_Thickening_015_035.png,Pleural_Thickening
Pleural_Thickening_015_036.png,Pleural_Thickening
Pleural_Thickening_015_037.png,Pleural_Thickening
Pleural_Thickening_015_038.png,Pleural_Thickening
Pleural_Thickening_015_039.png,Pleural_Thickening
Pleural_Thickening_015_040.png,Pleural_Thickening
Pleural_Thickening_015_041.png,Pleural_Thickening
Pleural_Thickening_015_042.png,Pleural_Thickening
Pleural_Thickening_015_043.png,Pleural_Thickening
Pleural_Thickening_015_044.png,Pleural_Thickening
Pleural_Thickening_015_045.png,Pleural_Thickening
Pleural_Thickening_015_046.png,Pleural_Thickening
Pleural_Thickening_015_047.png,Pleural_Thickening
Pleural_Thickening_015_048.png,Pleural_Thickening
Pleural_Thickening_015_049.png,Pleural_Thickening
Pleural_Thickening_016_000.png,Pleural_Thickening
Pleural_Thickening_016_001.png,Pleural_Thickening
Pleural_Thickening_016_002.png,Pleural_Thickening
Pleural_Thickening_016_003.png,Pleural_Thickening
Pleural_Thickening_016_004.png,Pleural_Thickening
Pleural_Thickening_016_005.png,Pleural_Thickening
Pleural_Thickening_016_006.png,Pleural_Thickening
Pleural_Thickening_016_007.png,Pleural_Thickening
Pleural_Thickening_016_008.png,Pleural_Thickening
Pleural_Thickening_016_009.png,Pleural_Thickening
Pleural_Thickening_016_010.png,Pleural_Thickening
Pleural_Thickening_016_011.png,Pleural_Thickening
Pleural_Thickening_016_012.png,Pleural_Thickening
Pleural_Thickening_016_013.png,Pleural_Thickening
Pleural_Thickening_016_014.png,Pleural_Thickening
Pleural_Thickening_016_015.png,Pleural_Thickening
Pleural_Thickening_016_016.png,Pleural_Thickening
Pleural_Thickening_016_017.png,Pleural_Thickening
Pleural_Thickening_016_018.png,Pleural_Thickening
Pleural_Thickening_016_019.png,Pleural_Thickening
Pleural_Thickening_016_020.png,Pleural_Thickening
Pleural_Thickening_016_021.png,Pleural_Thickening
Pleural_Thickening_016_022.png,Pleural_Thickening
Pleural_Thickening_016_023.png,Pleural_Thickening
Pleural_Thickening_016_024.png,Pleural_Thickening
Pleural_Thickening_016_025.png,Pleural_Thickening
Pleural_Thickening_016_026.png,Pleural_Thickening
Pleural_Thickening_016_027.png,Pleural_Thickening
Pleural_Thickening_016_028.png,Pleural_Thickening
Pleural_Thickening_016_029.png,Pleural_Thickening
Pleural_Thickening_016_030.png,Pleural_Thickening
Pleural_Thickening_016_031.png,Pleural_Thickening
Pleural_Thickening_016_032.png,Pleural_Thickening
Pleural_Thickening_016_033.png,Pleural_Thickening
Pleural_Thickening_016_034.png,Pleural_Thickening
Pleural_Thickening_016_035.png,Pleural_Thickening
Pleural_Thickening_016_036.png,Pleural_Thickening
Pleural_Thickening_016_037.png,Pleural_Thickening
Pleural_Thickening_016_038.png,Pleural_Thickening
Pleural_Thickening_016_039.png,Pleural_Thickening
Pleural_Thickening_016_040.png,Pleural_Thickening
Pleural_Thickening_016_041.png,Pleural_Thickening
Pleural_Thickening_016_042.png,Pleural_Thickening
Pleural_Thickening_016_043.png,Pleural_Thickening
Pleural_Thickening_016_044.png,Pleural_Thickening
Pleural_Thickening_016_045.png,Pleural_Thickening
Pleural_Thickening_016_046.png,Pleural_Thickening
Pleural_Thickening_016_047.png,Pleural_Thickening
Pleural_Thickening_016_048.png,Pleural_Thickening
Pleural_Thickening_016_049.png,Pleural_Thickening
Pleural_Thickening_017_000.png,Pleural_Thickening
Pleural_Thickening_017_001.png,Pleural_Thickening
Pleural_Thickening_017_002.png,Pleural_Thickening
Pleural_Thickening_017_003.png,Pleural_Thickening
Pleural_Thickening_017_004.png,Pleural_Thickening
Pleural_Thickening_017_005.png,Pleural_Thickening
Pleural_Thickening_017_006.png,Pleural_Thickening
Pleural_Thickening_017_007.png,Pleural_Thickening
Pleural_Thickening_017_008.png,Pleural_Thickening
Pleural_Thickening_017_009.png,Pleural_Thickening
Pleural_Thickening_017_010.png,Pleural_Thickening
Pleural_Thickening_017_011.png,Pleural_Thickening
Pleural_Thickening_017_012.png,Pleural_Thickening
Pleural_Thickening_017_013.png,Pleural_Thickening
Pleural_Thickening_017_014.png,Pleural_Thickening
Pleural_Thickening_017_015.png,Pleural_Thickening
Pleural_Thickening_017_016.png,Pleural_Thickening
Pleural_Thickening_017_017.png,Pleural_Thickening
Pleural_Thickening_017_018.png,Pleural_Thickening
Pleural_Thickening_017_019.png,Pleural_Thickening
Pleural_Thickening_017_020.png,Pleural_Thickening
Pleural_Thickening_017_021.png,Pleural_Thickening
Pleural_Thickening_017_022.png,Pleural_Thickening
Pleural_Thickening_017_023.png,Pleural_Thickening
Pleural_Thickening_017_024.png,Pleural_Thickening
Pleural_Thickening_017_025.png,Pleural_Thickening
Pleural_Thickening_017_026.png,Pleural_Thickening
Pleural_Thickening_017_027.png,Pleural_Thickening
Pleural_Thickening_017_028.png,Pleural_Thickening
Pleural_Thickening_017_029.png,Pleural_Thickening
Pleural_Thickening_017_030.png,Pleural_Thickening
Pleural_Thickening_017_031.png,Pleural_Thickening
Pleural_Thickening_017_032.png,Pleural_Thickening
Pleural_Thickening_017_033.png,Pleural_Thickening
Pleural_Thickening_017_034.png,Pleural_Thickening
Pleural_Thickening_017_035.png,Pleural_Thickening
Pleural_Thickening_017_036.png,Pleural_Thickening
Pleural_Thickening_017_037.png,Pleural_Thickening
Pleural_Thickening_017_038.png,Pleural_Thickening
Pleural_Thickening_017_039.png,Pleural_Thickening
Pleural_Thickening_017_040.png,Pleural_Thickening
Pleural_Thickening_017_041.png,Pleural_Thickening
Pleural_Thickening_017_042.png,Pleural_Thickening
Pleural_Thickening_017_043.png,Pleural_Thickening
Pleural_Thickening_017_044.png,Pleural_Thickening
Pleural_Thickening_017_045.png,Pleural_Thickening
Pleural_Thickening_017_046.png,Pleural_Thickening
Pleural_Thickening_017_047.png,Pleural_Thickening
Pleural_Thickening_017_048.png,Pleural_Thickening
Pleural_Thickening_017_049.png,Pleural_Thickening
Pleural_Thickening_018_000.png,Pleural_Thickening
Pleural_Thickening_018_001.png,Pleural_Thickening
Pleural_Thickening_018_002.png,Pleural_Thickening
Pleural_Thickening_018_003.png,Pleural_Thickening
Pleural_Thickening_018_004.png,Pleural_Thickening
Pleural_Thickening_018_005.png,Pleural_Thickening
Pleural_Thickening_018_006.png,Pleural_Thickening
Pleural_Thickening_018_007.png,Pleural_Thickening
Pleural_Thickening_018_008.png,Pleural_Thickening
Pleural_Thickening_018_009.png,Pleural_Thickening
Pleural_Thickening_018_010.png,Pleural_Thickening
Pleural_Thickening_018_011.png,Pleural_Thickening
Pleural_Thickening_018_012.png,Pleural_Thickening
Pleural_Thickening_018_013.png,Pleural_Thickening
Pleural_Thickening_018_014.png,Pleural_Thickening
Pleural_Thickening_018_015.png,Pleural_Thickening
Pleural_Thickening_018_016.png,Pleural_Thickening
Pleural_Thickening_018_017.png,Pleural_Thickening
Pleural_Thickening_018_018.png,Pleural_Thickening
Pleural_Thickening_018_019.png,Pleural_Thickening
Pleural_Thickening_018_020.png,Pleural_Thickening
Pleural_Thickening_018_021.png,Pleural_Thickening
Pleural_Thickening_018_022.png,Pleural_Thickening
Pleural_Thickening_018_023.png,Pleural_Thickening
Pleural_Thickening_018_024.png,Pleural_Thickening
Pleural_Thickening_018_025.png,Pleural_Thickening
Pleural_Thickening_018_026.png,Pleural_Thickening
Pleural_Thickening_018_027.png,Pleural_Thickening
Pleural_Thickening_018_028.png,Pleural_Thickening
Pleural_Thickening_018_029.png,Pleural_Thickening
Pleural_Thickening_018_030.png,Pleural_Thickening
Pleural_Thickening_018_031.png,Pleural_Thickening
Pleural_Thickening_018_032.png,Pleural_Thickening
Pleural_Thickening_018_033.png,Pleural_Thickening
Pleural_Thickening_018_034.png,Pleural_Thickening
Pleural_Thickening_018_035.png,Pleural_Thickening
Pleural_Thickening_018_036.png,Pleural_Thickening
Pleural_Thickening_018_037.png,Pleural_Thickening
Pleural_Thickening_018_038.png,Pleural_Thickening
Pleural_Thickening_018_039.png,Pleural_Thickening
Pleural_Thickening_018_040.png,Pleural_Thickening
Pleural_Thickening_018_041.png,Pleural_Thickening
Pleural_Thickening_018_042.png,Pleural_Thickening
Pleural_Thickening_018_043.png,Pleural_Thickening
Pleural_Thickening_018_044.png,Pleural_Thickening
Pleural_Thickening_018_045.png,Pleural_Thickening
Pleural_Thickening_018_046.png,Pleural_Thickening
Pleural_Thickening_018_047.png,Pleural_Thickening
Pleural_Thickening_018_048.png,Pleural_Thickening
Pleural_Thickening_018_049.png,Pleural_Thickening
Pleural_Thickening_019_000.png,Pleural_Thickening
Pleural_Thickening_019_001.png,Pleural_Thickening
Pleural_Thickening_019_002.png,Pleural_Thickening
Pleural_Thickening_019_003.png,Pleural_Thickening
Pleural_Thickening_019_004.png,Pleural_Thickening
Pleural_Thickening_019_005.png,Pleural_Thickening
Pleural_Thickening_019_006.png,Pleural_Thickening
Pleural_Thickening_019_007.png,Pleural_Thickening
Pleural_Thickening_019_008.png,Pleural_Thickening
Pleural_Thickening_019_009.png,Pleural_Thickening
Pleural_Thickening_019_010.png,Pleural_Thickening
Pleural_Thickening_019_011.png,Pleural_Thickening
Pleural_Thickening_019_012.png,Pleural_Thickening
Pleural_Thickening_019_013.png,Pleural_Thickening
Pleural_Thickening_019_014.png,Pleural_Thickening
Pleural_Thickening_019_015.png,Pleural_Thickening
Pleural_Thickening_019_016.png,Pleural_Thickening
Pleural_Thickening_019_017.png,Pleural_Thickening
Pleural_Thickening_019_018.png,Pleural_Thickening
Pleural_Thickening_019_019.png,Pleural_Thickening
Pleural_Thickening_019_020.png,Pleural_Thickening
Pleural_Thickening_019_021.png,Pleural_Thickening
Pleural_Thickening_019_022.png,Pleural_Thickening
Pleural_Thickening_019_023.png,Pleural_Thickening
Pleural_Thickening_019_024.png,Pleural_Thickening
Pleural_Thickening_019_025.png,Pleural_Thickening
Pleural_Thickening_019_026.png,Pleural_Thickening
Pleural_Thickening_019_027.png,Pleural_Thickening
Pleural_Thickening_019_028.png,Pleural_Thickening
Pleural_Thickening_019_029.png,Pleural_Thickening
Pleural_Thickening_019_030.png,Pleural_Thickening
Pleural_Thickening_019_031.png,Pleural_Thickening
Pleural_Thickening_019_032.png,Pleural_Thickening
Pleural_Thickening_019_033.png,Pleural_Thickening
Pleural_Thickening_019_034.png,Pleural_Thickening
Pleural_Thickening_019_035.png,Pleural_Thickening
Pleural_Thickening_019_036.png,Pleural_Thickening
Pleural_Thickening_019_037.png,Pleural_Thickening
Pleural_Thickening_019_038.png,Pleural_Thickening
Pleural_Thickening_019_039.png,Pleural_Thickening
Pleural_Thickening_019_040.png,Pleural_Thickening
Pleural_Thickening_019_041.png,Pleural_Thickening
Pleural_Thickening_019_042.png,Pleural_Thickening
Pleural_Thickening_019_043.png,Pleural_Thickening
Pleural_Thickening_019_044.png,Pleural_Thickening
Pleural_Thickening_019_045.png,Pleural_Thickening
Pleural_Thickening_019_046.png,Pleural_Thickening
Pleural_Thickening_019_047.png,Pleural_Thickening
Pleural_Thickening_019_048.png,Pleural_Thickening
Pleural_Thickening_019_049.png,Pleural_Thickening
